Timestamp,High,Low,Price,Volume
2018-05-29 02:00:00,273.0,271.0,271.0,1226
2018-05-30 02:00:00,274.95,271.0,271.0,3849
2018-05-31 02:00:00,275.0,271.0,274.9,40192
2018-06-01 02:00:00,282.5,275.0,279.0,16068
2018-06-04 02:00:00,283.5,276.0,276.0,8987
2018-06-05 02:00:00,278.0,278.0,278.0,5000
2018-06-06 02:00:00,282.0,278.5,278.65,6233
2018-06-07 02:00:00,290.0,281.0,290.0,14482
2018-06-08 02:00:00,295.0,289.5,289.5,258011
2018-06-11 02:00:00,283.5,276.0,276.0,254334
2018-06-12 02:00:00,280.95,273.0,273.0,14776
2018-06-13 02:00:00,274.0,274.0,274.0,2
2018-06-14 02:00:00,274.0,271.05,273.0,13147
2018-06-18 02:00:00,277.95,271.3,277.95,3541
2018-06-19 02:00:00,275.5,275.0,275.0,3152
2018-06-20 02:00:00,275.0,272.0,272.0,49349
2018-06-21 02:00:00,272.0,271.0,271.0,584
2018-06-22 02:00:00,277.95,271.0,271.0,1507
2018-06-25 02:00:00,274.0,274.0,274.0,189
2018-06-26 02:00:00,274.0,270.0,273.5,208240
2018-06-27 02:00:00,271.1,270.5,270.5,176249
2018-06-28 02:00:00,275.0,270.0,271.5,165207
2018-06-29 02:00:00,272.9,269.1,270.0,23991
2018-07-02 02:00:00,282.0,270.0,270.0,3014
2018-07-03 02:00:00,272.0,260.0,260.0,26273
2018-07-04 02:00:00,263.55,260.05,260.2,5255
2018-07-05 02:00:00,185.9,260.05,180.0,428
2018-07-06 02:00:00,180.0,173.0,173.0,10730
2018-07-09 02:00:00,175.75,174.0,175.75,4428
2018-07-10 02:00:00,182.0,176.0,181.95,670
2018-07-11 02:00:00,176.0,173.3,176.0,10961
2018-07-12 02:00:00,177.1,172.0,175.0,14518
2018-07-13 02:00:00,175.0,170.0,170.0,1411
2018-07-16 02:00:00,175.9,175.9,175.9,2
2018-07-17 02:00:00,175.0,170.0,170.0,986
2018-07-18 02:00:00,170.0,170.0,170.0,3408
2018-07-19 02:00:00,170.0,161.05,161.05,1258
2018-07-20 02:00:00,172.9,162.1,172.9,12524
2018-07-23 02:00:00,172.95,165.0,172.0,427
2018-07-24 02:00:00,171.95,169.0,169.0,9650
2018-07-25 02:00:00,172.3,170.0,170.0,22820
2018-07-26 02:00:00,174.95,168.0,168.0,4318
2018-07-27 02:00:00,173.0,170.1,173.0,20544
2018-07-31 02:00:00,173.8,172.0,172.0,30086
2018-08-01 02:00:00,172.15,172.1,172.1,344
2018-08-02 02:00:00,177.95,172.15,173.0,6105
2018-08-03 02:00:00,175.0,172.6,173.0,26215
2018-08-06 02:00:00,173.0,172.55,172.55,605
2018-08-07 02:00:00,175.45,172.55,174.5,505
2018-08-08 02:00:00,174.55,173.5,174.5,728
2018-08-09 02:00:00,174.0,172.65,174.0,2712
2018-08-10 02:00:00,176.0,172.75,174.0,4678
2018-08-13 02:00:00,178.0,172.85,174.0,1982
2018-08-15 02:00:00,179.0,179.0,179.0,50
2018-08-16 02:00:00,179.0,178.85,179.0,623
2018-08-17 02:00:00,178.5,176.95,178.0,1416
2018-08-24 02:00:00,173.5,173.5,173.5,596
2018-08-27 02:00:00,179.5,173.5,173.5,4977
2018-08-28 02:00:00,178.5,174.0,177.95,15200
2018-08-30 02:00:00,175.7,173.65,173.65,36716
2018-08-31 02:00:00,174.0,173.65,174.0,36900
2018-09-03 02:00:00,174.4,171.0,171.6,4870
2018-09-04 02:00:00,175.95,170.0,170.0,8712
2018-09-05 02:00:00,173.45,170.0,170.0,14758
2018-09-06 02:00:00,170.1,168.05,170.0,86836
2018-09-07 02:00:00,172.0,165.0,165.0,29910
2018-09-10 02:00:00,170.0,170.0,170.0,100
2018-09-12 02:00:00,170.0,165.0,170.0,460
2018-09-13 02:00:00,170.9,165.0,170.0,31513
2018-09-14 02:00:00,171.1,170.05,171.1,35504
2018-09-17 02:00:00,173.0,170.5,173.0,3185
2018-09-18 02:00:00,176.75,171.05,175.0,56011
2018-09-19 02:00:00,176.5,175.0,175.0,8126
2018-09-20 02:00:00,177.0,175.0,176.0,3666
2018-09-21 02:00:00,172.9,166.5,168.0,54234
2018-09-24 02:00:00,171.95,168.0,168.0,13628
2018-09-25 02:00:00,171.75,168.0,170.0,2231
2018-09-26 02:00:00,170.0,170.0,170.0,1199
2018-09-27 02:00:00,172.0,167.15,170.0,32002
2018-09-28 02:00:00,170.0,169.0,170.0,103000
2018-10-01 02:00:00,170.0,169.0,169.0,1335
2018-10-02 02:00:00,174.0,167.75,174.0,6765
2018-10-03 02:00:00,174.85,170.4,174.65,163
2018-10-05 02:00:00,172.0,170.0,170.0,16565
2018-10-09 02:00:00,174.55,170.0,171.95,453
2018-10-10 02:00:00,171.95,171.0,171.0,6208
2018-10-11 02:00:00,171.0,169.0,169.0,230
2018-10-12 02:00:00,170.0,170.0,170.0,56915
2018-10-15 02:00:00,169.5,167.0,168.1,3938
2018-10-16 02:00:00,170.5,168.2,170.5,15922
2018-10-17 02:00:00,171.4,171.4,171.4,140
2018-10-18 02:00:00,170.0,167.25,167.25,4129
2018-10-19 02:00:00,170.0,167.45,168.0,15207
2018-10-22 02:00:00,168.1,168.0,168.1,14837
2018-10-23 02:00:00,170.0,168.15,170.0,30458
2018-10-24 02:00:00,169.0,169.0,169.0,7575
2018-10-25 02:00:00,170.0,167.15,167.15,1724
2018-10-26 02:00:00,169.0,166.75,169.0,12094
2018-10-29 01:00:00,169.0,167.1,169.0,286
2018-10-30 01:00:00,167.0,163.0,163.3,5076
2018-10-31 01:00:00,167.0,161.0,167.0,41779
2018-11-01 01:00:00,166.9,161.2,166.9,12
2018-11-02 01:00:00,167.0,163.5,165.0,229554
2018-11-05 01:00:00,166.0,165.0,165.0,2001
2018-11-07 01:00:00,163.05,163.05,163.05,2046
2018-11-08 01:00:00,165.9,162.5,163.05,14439
2018-11-09 01:00:00,168.9,163.0,166.0,40620
2018-11-12 01:00:00,168.95,168.0,168.0,21
2018-11-13 01:00:00,166.9,164.0,166.9,11090
2018-11-14 01:00:00,166.45,166.45,166.45,155566
2018-11-15 01:00:00,166.7,166.7,166.7,668
2018-11-16 01:00:00,165.0,165.0,165.0,22058
2018-11-19 01:00:00,168.5,165.0,168.5,3069
2018-11-22 01:00:00,165.1,163.4,163.55,3358
2018-11-23 01:00:00,164.0,163.4,163.4,400
2018-11-26 01:00:00,168.9,163.05,163.05,17031
2018-11-27 01:00:00,167.9,163.45,163.55,6677
2018-11-28 01:00:00,166.0,165.5,165.5,97
2018-11-29 01:00:00,165.5,163.9,164.15,21668
2018-11-30 01:00:00,168.9,164.2,168.0,71965
2018-12-03 01:00:00,167.95,165.05,165.25,488105
2018-12-04 01:00:00,168.0,166.55,168.0,10503
2018-12-05 01:00:00,172.8,168.0,171.05,49200
2018-12-06 01:00:00,172.0,171.1,172.0,45700
2018-12-07 01:00:00,172.7,170.0,170.0,22726
2018-12-10 01:00:00,171.0,171.0,171.0,2
2018-12-11 01:00:00,171.8,170.0,171.8,97838
2018-12-12 01:00:00,172.0,171.0,171.0,29128
2018-12-13 01:00:00,172.0,168.55,171.0,6956
2018-12-14 01:00:00,172.0,171.0,171.5,34210
2018-12-17 01:00:00,171.5,171.5,171.5,5000
2018-12-18 01:00:00,172.0,171.0,172.0,9055
2018-12-19 01:00:00,172.95,171.3,171.35,2434
2018-12-20 01:00:00,173.9,171.35,172.1,426837
2018-12-21 01:00:00,174.0,172.0,174.0,55663
2018-12-24 01:00:00,174.0,172.5,172.5,159452
2018-12-25 01:00:00,173.0,172.1,172.95,38537
2018-12-26 01:00:00,174.0,172.95,174.0,34353
2018-12-27 01:00:00,175.9,173.75,175.9,209809
2018-12-28 01:00:00,175.0,174.05,175.0,58092
2018-12-31 01:00:00,175.9,174.0,174.5,535960
2019-01-02 01:00:00,175.0,173.2,174.85,2668
2019-01-03 01:00:00,173.2,172.95,173.0,9175
2019-01-04 01:00:00,172.25,170.0,170.2,47895
2019-01-07 01:00:00,168.5,168.0,175.5,25000
2019-01-08 01:00:00,172.2,169.5,169.5,660
2019-01-10 01:00:00,169.55,168.0,168.0,56911
2019-01-14 01:00:00,172.0,167.0,168.0,37654
2019-01-15 01:00:00,170.0,166.7,168.0,61408
2019-01-16 01:00:00,170.0,168.0,170.0,248
2019-01-17 01:00:00,171.0,167.05,167.05,2
2019-01-18 01:00:00,170.0,168.0,168.0,101186
2019-01-21 01:00:00,169.0,169.0,169.0,19000
2019-01-22 01:00:00,171.9,167.05,171.9,3193
2019-01-23 01:00:00,172.0,167.1,167.1,9568
2019-01-24 01:00:00,171.9,169.0,171.9,79736
2019-01-25 01:00:00,172.0,169.2,172.0,16858
2019-01-28 01:00:00,170.0,170.0,170.0,40
2019-01-29 01:00:00,172.4,172.0,172.0,18021
2019-01-30 01:00:00,174.05,172.0,174.05,16241
2019-01-31 01:00:00,174.8,172.1,172.1,42799
2019-02-01 01:00:00,174.0,172.1,172.5,19472
2019-02-04 01:00:00,173.9,172.35,172.5,569
2019-02-05 01:00:00,172.5,172.5,172.5,6670
2019-02-06 01:00:00,174.9,173.0,174.9,7259
2019-02-07 01:00:00,174.75,172.0,173.05,27305
2019-02-08 01:00:00,174.7,173.5,174.7,12980
2019-02-11 01:00:00,174.7,173.55,173.6,14940
2019-02-12 01:00:00,175.5,173.6,175.5,11004
2019-02-13 01:00:00,177.0,175.5,175.5,11058
2019-02-14 01:00:00,176.05,176.0,176.05,471
2019-02-15 01:00:00,177.0,174.35,174.35,18150
2019-02-18 01:00:00,177.0,177.0,177.0,1
2019-02-19 01:00:00,179.65,173.6,179.65,4785
2019-02-20 01:00:00,174.5,174.5,174.5,55
2019-02-21 01:00:00,174.55,173.95,174.55,10010
2019-02-22 01:00:00,175.0,174.55,175.0,14030
2019-02-25 01:00:00,178.9,175.0,175.0,306
2019-02-26 01:00:00,174.5,174.5,174.5,130338
2019-02-27 01:00:00,174.5,174.5,174.5,2
2019-02-28 01:00:00,174.0,172.45,172.45,14018
2019-03-01 01:00:00,173.5,173.0,173.5,20977
2019-03-04 01:00:00,174.0,174.0,174.0,1
2019-03-05 01:00:00,175.5,173.5,175.5,6325
2019-03-06 01:00:00,175.4,175.4,175.4,100
2019-03-07 01:00:00,173.0,173.0,173.0,1198
2019-03-08 01:00:00,174.0,171.0,173.0,31175
2019-03-11 01:00:00,173.0,171.0,173.0,20020
2019-03-12 01:00:00,175.0,173.0,175.0,3050
2019-03-13 01:00:00,174.95,174.1,174.1,21029
2019-03-14 01:00:00,172.15,172.0,172.0,115463
2019-03-15 01:00:00,172.0,172.0,172.0,68540
2019-03-18 01:00:00,171.05,171.05,171.05,1695
2019-03-19 01:00:00,172.0,171.0,172.0,4222
2019-03-20 01:00:00,174.0,171.0,171.0,37449
2019-03-21 01:00:00,172.0,168.3,172.0,15452
2019-03-22 01:00:00,181.2,174.9,181.2,135801
2019-03-25 01:00:00,180.0,178.0,178.0,6029
2019-03-26 01:00:00,174.35,173.0,174.35,5494
2019-03-27 01:00:00,175.05,174.35,174.35,2320
2019-03-28 01:00:00,180.0,177.5,180.0,42283
2019-03-29 01:00:00,177.5,176.1,177.5,16093
2019-04-01 02:00:00,180.0,177.55,180.0,798
2019-04-02 02:00:00,179.8,177.65,179.8,690
2019-04-03 02:00:00,177.65,174.65,174.65,1410
2019-04-04 02:00:00,175.65,175.6,175.6,4385
2019-04-05 02:00:00,176.0,174.35,176.0,8320
2019-04-08 02:00:00,180.5,180.5,180.5,346
2019-04-09 02:00:00,180.4,177.1,177.6,8865
2019-04-10 02:00:00,180.5,179.95,180.5,28294
2019-04-11 02:00:00,184.0,178.6,184.0,21718
2019-04-12 02:00:00,183.0,182.0,183.0,66848
2019-04-15 02:00:00,183.0,182.0,183.0,517
2019-04-16 02:00:00,185.0,183.0,185.0,13150
2019-04-17 02:00:00,189.7,185.0,186.05,19557
2019-04-18 02:00:00,189.7,185.75,187.0,16778
2019-04-19 02:00:00,189.7,186.15,187.1,80806
2019-04-22 02:00:00,187.95,187.0,187.95,4626
2019-04-23 02:00:00,189.0,185.0,189.0,57862
2019-04-24 02:00:00,190.0,185.2,190.0,6007
2019-04-25 02:00:00,191.4,187.0,189.95,21
2019-04-26 02:00:00,194.95,187.0,192.5,78047
2019-04-29 02:00:00,194.7,192.5,194.0,3070
2019-04-30 02:00:00,193.0,188.0,188.0,11570
2019-05-02 02:00:00,191.95,186.65,188.0,7359
2019-05-03 02:00:00,191.0,187.05,190.0,1126
2019-05-06 02:00:00,188.05,188.05,188.05,450
2019-05-07 02:00:00,191.05,189.9,191.05,3026
2019-05-08 02:00:00,191.8,191.0,191.8,7694
2019-05-09 02:00:00,191.0,190.25,191.0,15046
2019-05-10 02:00:00,192.0,191.0,192.0,1460
2019-05-13 02:00:00,191.1,190.05,190.05,11432
2019-05-14 02:00:00,193.5,193.45,193.45,1501
2019-05-15 02:00:00,194.8,193.45,194.8,36373
2019-05-16 02:00:00,196.05,194.0,196.0,21354
2019-05-17 02:00:00,197.0,194.0,194.5,26291
2019-05-20 02:00:00,197.0,194.0,197.0,2794
2019-05-21 02:00:00,196.0,192.05,192.25,12379
2019-05-22 02:00:00,193.0,192.25,193.0,38
2019-05-23 02:00:00,193.0,189.05,192.5,6548
2019-05-24 02:00:00,192.3,192.0,192.0,9760
2019-05-27 02:00:00,186.35,186.35,186.35,1
2019-05-28 02:00:00,193.5,187.15,193.5,40570
2019-05-29 02:00:00,193.5,191.0,191.0,46103
2019-05-30 02:00:00,191.0,191.0,191.0,3762
2019-05-31 02:00:00,194.0,188.45,191.0,6548
2019-06-03 02:00:00,190.05,190.05,190.05,1131
2019-06-04 02:00:00,193.9,190.15,190.15,1776
2019-06-10 02:00:00,189.15,189.15,189.15,764
2019-06-11 02:00:00,192.5,189.5,192.5,3260
2019-06-13 02:00:00,190.2,190.0,190.2,918
2019-06-14 02:00:00,194.0,190.0,194.0,8382
2019-06-17 02:00:00,199.0,194.7,197.0,178690
2019-06-18 02:00:00,197.0,197.0,197.0,3000
2019-06-19 02:00:00,201.0,197.0,201.0,40685
2019-06-20 02:00:00,202.0,198.15,202.0,274078
2019-06-21 02:00:00,208.0,203.45,207.0,213880
2019-06-24 02:00:00,206.8,202.0,202.0,41391
2019-06-25 02:00:00,202.0,200.05,202.0,550965
2019-06-26 02:00:00,202.0,200.55,200.85,19569
2019-06-27 02:00:00,206.8,201.9,206.8,92672
2019-06-28 02:00:00,205.0,202.1,203.0,438356
2019-07-01 02:00:00,206.5,203.0,205.0,1797
2019-07-02 02:00:00,205.0,203.1,203.1,1902
2019-07-03 02:00:00,203.5,203.5,203.5,420
2019-07-04 02:00:00,195.0,190.1,195.0,2667
2019-07-05 02:00:00,192.3,191.25,192.3,18055
2019-07-08 02:00:00,193.0,192.0,193.0,1906
2019-07-09 02:00:00,192.5,192.15,192.5,2276
2019-07-10 02:00:00,193.5,193.5,193.5,1110
2019-07-11 02:00:00,193.5,192.2,192.2,801
2019-07-12 02:00:00,194.0,194.0,194.0,33
2019-07-15 02:00:00,195.0,194.0,195.0,15670
2019-07-16 02:00:00,202.5,196.0,196.5,95364
2019-07-17 02:00:00,206.0,200.0,205.6,115397
2019-07-18 02:00:00,207.5,203.25,203.25,5517
2019-07-19 02:00:00,207.4,203.4,204.0,50179
2019-07-22 02:00:00,204.0,203.0,203.0,549
2019-07-23 02:00:00,206.95,203.05,206.95,29959
2019-07-24 02:00:00,207.0,206.1,207.0,9641
2019-07-25 02:00:00,212.5,208.0,211.0,86530
2019-07-26 02:00:00,211.5,210.0,211.0,21111
2019-07-29 02:00:00,211.9,209.0,211.0,7684
2019-07-31 02:00:00,212.0,209.0,212.0,26525
2019-08-01 02:00:00,212.0,210.0,211.0,14947
2019-08-02 02:00:00,212.5,210.0,212.0,76721
2019-08-05 02:00:00,212.45,211.0,212.0,880
2019-08-06 02:00:00,211.1,210.0,210.0,8287
2019-08-08 02:00:00,210.0,209.85,209.85,1010
2019-08-09 02:00:00,211.0,210.0,211.0,8198
2019-08-15 02:00:00,211.4,210.0,211.4,7290
2019-08-16 02:00:00,212.5,210.0,212.5,13960
2019-08-19 02:00:00,212.5,212.0,212.0,484
2019-08-22 02:00:00,212.0,211.0,212.0,4576
2019-08-23 02:00:00,212.55,212.0,212.0,13780
2019-08-26 02:00:00,214.0,212.0,213.15,7697
2019-08-27 02:00:00,222.0,214.8,219.9,29437
2019-08-28 02:00:00,224.0,219.0,221.0,521636
2019-08-29 02:00:00,223.65,219.95,220.0,531646
2019-08-30 02:00:00,220.0,215.3,215.3,9816
2019-09-02 02:00:00,219.0,215.3,215.5,17324
2019-09-03 02:00:00,221.7,213.5,213.5,2
2019-09-04 02:00:00,214.1,210.0,210.0,7648
2019-09-05 02:00:00,217.0,211.3,217.0,15
2019-09-06 02:00:00,211.0,211.0,211.0,2568
2019-09-09 02:00:00,217.0,212.0,212.0,110
2019-09-10 02:00:00,217.0,215.0,215.0,2014
2019-09-11 02:00:00,213.0,212.7,213.0,1370
2019-09-12 02:00:00,213.0,213.0,213.0,10
2019-09-13 02:00:00,213.5,211.05,211.05,7199
2019-09-16 02:00:00,215.0,210.0,210.0,3572
2019-09-17 02:00:00,212.0,210.0,211.85,8641
2019-09-18 02:00:00,210.1,210.0,210.0,10622
2019-09-19 02:00:00,205.1,199.0,205.1,58941
2019-09-20 02:00:00,208.0,200.6,206.1,57348
2019-09-23 02:00:00,209.5,203.0,209.5,110
2019-09-24 02:00:00,210.0,204.05,210.0,22382
2019-09-25 02:00:00,206.0,205.0,206.0,60
2019-09-26 02:00:00,206.05,204.3,204.3,1738
2019-09-27 02:00:00,210.0,204.0,208.2,25243
2019-09-30 02:00:00,210.0,203.5,210.0,5075
2019-10-01 02:00:00,209.0,205.0,206.2,503244
2019-10-02 02:00:00,207.0,206.2,207.0,103968
2019-10-03 02:00:00,206.0,206.0,206.0,2872
2019-10-04 02:00:00,208.0,204.0,208.0,16308
2019-10-07 02:00:00,208.0,208.0,208.0,75206
2019-10-08 02:00:00,206.3,206.1,206.3,1140
2019-10-09 02:00:00,206.75,206.5,206.75,3512
2019-10-10 02:00:00,206.75,204.2,204.5,3370
2019-10-11 02:00:00,208.0,205.0,207.05,37865
2019-10-14 02:00:00,208.0,207.0,207.0,13883
2019-10-15 02:00:00,207.2,204.05,206.0,18388
2019-10-16 02:00:00,209.9,204.2,209.9,400
2019-10-17 02:00:00,205.0,205.0,205.0,269
2019-10-18 02:00:00,208.5,206.0,208.5,3140
2019-10-21 02:00:00,209.0,204.1,206.05,7394
2019-10-22 02:00:00,209.0,206.0,209.0,3807
2019-10-23 02:00:00,207.5,206.3,207.0,197926
2019-10-24 02:00:00,209.0,207.0,209.0,2006
2019-10-25 02:00:00,207.9,204.65,207.45,35450
2019-10-28 01:00:00,208.0,204.5,208.0,381
2019-10-29 01:00:00,207.0,205.55,207.0,3467
2019-10-30 01:00:00,206.0,206.0,206.0,995
2019-10-31 01:00:00,206.55,204.5,206.55,1146
2019-11-01 01:00:00,207.0,206.05,207.0,11370
2019-11-04 01:00:00,208.9,206.15,208.9,72
2019-11-05 01:00:00,207.5,206.1,207.05,5830
2019-11-07 01:00:00,210.0,207.65,210.0,2539
2019-11-08 01:00:00,210.5,207.55,210.5,9755
2019-11-12 01:00:00,210.05,210.0,210.05,62
2019-11-13 01:00:00,212.0,210.0,212.0,150031
2019-11-14 01:00:00,212.0,212.0,212.0,18566
2019-11-15 01:00:00,213.35,211.25,211.25,2158
2019-11-20 01:00:00,212.55,211.3,212.55,2873
2019-11-21 01:00:00,217.0,212.0,216.9,3184
2019-11-22 01:00:00,219.7,216.5,216.5,64593
2019-11-25 01:00:00,219.0,219.0,219.0,23
2019-11-26 01:00:00,218.0,216.6,216.6,56299
2019-11-27 01:00:00,219.0,217.0,219.0,10096
2019-11-28 01:00:00,219.0,216.55,218.0,8030
2019-11-29 01:00:00,219.0,216.1,216.1,130116
2019-12-02 01:00:00,216.3,216.3,216.3,140
2019-12-03 01:00:00,217.0,213.0,213.5,4578
2019-12-04 01:00:00,215.0,215.0,215.0,35
2019-12-05 01:00:00,215.0,214.0,214.0,50005
2019-12-06 01:00:00,214.0,211.0,211.5,99721
2019-12-09 01:00:00,211.65,211.5,211.5,9606
2019-12-10 01:00:00,217.85,212.5,215.05,6843
2019-12-11 01:00:00,219.0,215.1,219.0,37373
2019-12-12 01:00:00,217.0,215.2,217.0,3632
2019-12-13 01:00:00,219.0,217.0,219.0,12000
2019-12-16 01:00:00,220.0,218.0,220.0,29045
2019-12-17 01:00:00,221.3,219.0,217.0,79089
2019-12-18 01:00:00,221.5,217.65,221.5,4414
2019-12-19 01:00:00,224.0,220.0,223.95,25197
2019-12-20 01:00:00,224.0,220.15,224.0,32446
2019-12-23 01:00:00,224.0,220.0,224.0,17151
2019-12-24 01:00:00,222.0,220.0,220.0,40257
2019-12-25 01:00:00,222.0,218.0,218.0,308055
2019-12-26 01:00:00,221.0,215.0,215.0,22048
2019-12-27 01:00:00,217.0,216.0,216.0,29825
2019-12-30 01:00:00,219.0,212.5,219.0,7031
2019-12-31 01:00:00,218.9,215.0,218.9,86723
2020-01-02 01:00:00,219.0,218.9,219.0,6604
2020-01-03 01:00:00,219.0,218.9,219.0,5588
2020-01-06 01:00:00,218.5,218.5,218.5,17944
2020-01-07 01:00:00,219.0,219.0,219.0,1700
2020-01-08 01:00:00,220.0,220.0,220.0,220
2020-01-09 01:00:00,227.0,220.0,224.0,71646
2020-01-10 01:00:00,226.9,221.15,221.15,45596
2020-01-13 01:00:00,221.25,221.25,221.25,1000
2020-01-14 01:00:00,224.95,221.35,221.35,7200
2020-01-15 01:00:00,223.95,221.35,221.4,8658
2020-01-16 01:00:00,223.95,223.95,223.95,5
2020-01-17 01:00:00,229.9,223.35,227.0,112002
2020-01-20 01:00:00,227.15,226.25,227.15,19118
2020-01-21 01:00:00,228.5,227.1,228.0,23335
2020-01-22 01:00:00,230.0,228.0,229.8,22294
2020-01-23 01:00:00,229.95,224.0,224.0,95730
2020-01-24 01:00:00,225.5,224.0,225.5,86677
2020-01-27 01:00:00,224.9,223.0,223.2,11826
2020-01-28 01:00:00,225.0,220.05,220.05,63496
2020-01-30 01:00:00,224.85,221.15,221.15,3035
2020-01-31 01:00:00,223.0,221.1,221.1,25022
2020-02-03 01:00:00,220.0,218.0,218.0,7417
2020-02-04 01:00:00,223.0,218.05,218.6,17774
2020-02-05 01:00:00,219.0,218.75,218.75,1784
2020-02-06 01:00:00,218.75,218.0,218.0,5175
2020-02-07 01:00:00,218.8,215.0,216.1,85806
2020-02-10 01:00:00,217.5,217.5,217.5,3385
2020-02-11 01:00:00,220.0,220.0,220.0,48
2020-02-12 01:00:00,220.0,217.0,217.5,2213
2020-02-13 01:00:00,220.5,218.0,219.0,100895
2020-02-14 01:00:00,220.0,218.1,220.0,59339
2020-02-17 01:00:00,224.0,219.4,224.0,2911
2020-02-18 01:00:00,220.0,218.1,218.1,1000
2020-02-19 01:00:00,219.0,219.0,219.0,52
2020-02-20 01:00:00,219.05,218.1,219.05,2732
2020-02-21 01:00:00,225.0,220.0,225.0,725958
2020-02-24 01:00:00,224.0,220.4,224.0,950
2020-02-25 01:00:00,225.5,221.05,224.0,30934
2020-02-26 01:00:00,224.0,222.0,222.05,5142
2020-02-27 01:00:00,222.0,219.5,222.0,13863
2020-02-28 01:00:00,223.0,220.0,220.0,128271
2020-03-02 01:00:00,216.0,216.0,216.0,6116
2020-03-03 01:00:00,216.95,211.15,211.65,31221
2020-03-04 01:00:00,211.65,208.0,208.0,59098
2020-03-05 01:00:00,207.0,202.0,205.5,148450
2020-03-06 01:00:00,206.5,195.0,195.0,82332
2020-03-09 01:00:00,192.0,182.0,188.05,222843
2020-03-10 01:00:00,205.0,188.05,201.0,175162
2020-03-11 01:00:00,208.95,200.0,201.0,123568
2020-03-12 01:00:00,195.0,181.0,182.0,174383
2020-03-13 01:00:00,182.5,175.0,180.0,160415
2020-03-16 01:00:00,180.0,162.05,162.05,198457
2020-03-17 01:00:00,167.0,155.8,155.8,493143
2020-03-18 01:00:00,156.0,149.6,151.6,99711
2020-03-19 01:00:00,157.65,156.9,157.65,22130
2020-03-20 01:00:00,163.95,163.95,163.95,17194
2020-03-23 01:00:00,170.5,170.5,170.5,10
2020-03-24 01:00:00,177.3,177.3,177.3,23166
2020-03-25 01:00:00,184.3,172.0,173.15,133921
2020-03-26 01:00:00,180.0,174.0,174.0,1356
2020-03-27 01:00:00,178.0,174.0,178.0,930824
2020-03-30 02:00:00,177.5,172.1,176.0,35618
2020-03-31 02:00:00,176.0,175.0,175.0,104132
2020-04-01 02:00:00,176.0,175.0,175.0,109102
2020-04-02 02:00:00,177.0,175.0,177.0,36663
2020-04-03 02:00:00,175.5,175.0,175.0,22830
2020-04-06 02:00:00,175.05,173.0,175.05,11737
2020-04-07 02:00:00,176.0,172.0,172.0,128214
2020-04-08 02:00:00,175.15,174.0,174.9,40553
2020-04-09 02:00:00,174.6,173.0,173.0,26461
2020-04-10 02:00:00,175.0,170.0,170.0,5706
2020-04-14 02:00:00,175.0,173.0,175.0,70655
2020-04-15 02:00:00,175.0,170.2,170.5,11016
2020-04-16 02:00:00,172.0,171.0,171.05,8716
2020-04-17 02:00:00,173.0,171.0,171.0,44001
2020-04-20 02:00:00,173.75,171.0,171.0,2829
2020-04-21 02:00:00,174.8,171.05,171.05,12299
2020-04-22 02:00:00,172.9,172.0,172.0,220
2020-04-23 02:00:00,172.9,172.0,172.0,3078
2020-04-24 02:00:00,173.0,171.0,171.0,7402
2020-04-27 02:00:00,175.0,171.05,171.05,3884
2020-04-28 02:00:00,177.85,172.0,177.85,9869
2020-04-29 02:00:00,180.0,178.0,178.0,5314
2020-04-30 02:00:00,180.75,178.0,180.0,82923
2020-05-04 02:00:00,184.0,180.0,181.05,2171
2020-05-05 02:00:00,184.95,182.0,182.0,33338
2020-05-06 02:00:00,187.0,182.0,183.1,65748
2020-05-07 02:00:00,186.7,185.5,185.5,4364
2020-05-08 02:00:00,187.0,181.0,181.0,19874
2020-05-11 02:00:00,185.95,181.5,185.95,1163
2020-05-12 02:00:00,185.0,180.0,180.0,3261
2020-05-13 02:00:00,180.0,173.65,178.9,4741
2020-05-14 02:00:00,180.0,178.9,179.0,56458
2020-05-15 02:00:00,180.1,179.0,180.0,39944
2020-05-18 02:00:00,182.9,180.0,181.0,1853
2020-05-19 02:00:00,183.0,181.0,182.0,7638
2020-05-20 02:00:00,182.95,180.5,181.0,2275
2020-05-21 02:00:00,182.0,182.0,182.0,250
2020-05-22 02:00:00,185.0,181.6,185.0,6103
2020-05-26 02:00:00,192.35,185.0,192.35,25368
2020-05-27 02:00:00,195.0,192.35,192.35,44780
2020-05-28 02:00:00,194.0,187.0,187.0,1799
2020-05-29 02:00:00,192.0,186.0,186.0,34039
2020-06-01 02:00:00,191.45,188.0,188.0,96
2020-06-02 02:00:00,191.0,188.0,188.5,41509
2020-06-03 02:00:00,193.0,188.2,191.5,56653
2020-06-04 02:00:00,195.0,194.0,194.9,21501
2020-06-05 02:00:00,194.95,191.1,191.1,25587
2020-06-08 02:00:00,194.95,192.0,193.0,35955
2020-06-09 02:00:00,196.0,192.5,193.95,680
2020-06-10 02:00:00,194.95,194.0,194.0,42017
2020-06-11 02:00:00,194.0,190.05,190.25,3105
2020-06-12 02:00:00,190.2,187.5,187.5,18805
2020-06-15 02:00:00,190.0,188.0,188.0,4464
2020-06-16 02:00:00,192.0,189.0,192.0,3089
2020-06-17 02:00:00,199.65,199.65,199.65,142560
2020-06-18 02:00:00,207.5,196.1,198.8,244917
2020-06-19 02:00:00,203.8,198.8,202.0,15794
2020-06-22 02:00:00,202.0,198.1,200.0,643447
2020-06-23 02:00:00,201.0,198.05,200.0,10666
2020-06-24 02:00:00,202.4,199.5,202.0,4414
2020-06-25 02:00:00,203.0,200.0,200.0,4709
2020-06-26 02:00:00,200.0,199.0,200.0,12051
2020-06-29 02:00:00,202.95,197.1,197.1,14590
2020-06-30 02:00:00,204.95,201.0,204.5,487445
2020-07-01 02:00:00,202.95,202.0,202.95,72
2020-07-02 02:00:00,202.0,201.05,201.05,3020
2020-07-03 02:00:00,204.75,201.0,204.75,1174
2020-07-06 02:00:00,202.0,201.0,201.0,8
2020-07-07 02:00:00,203.8,199.95,203.8,11583
2020-07-08 02:00:00,200.0,200.0,200.0,10
2020-07-09 02:00:00,203.75,200.1,201.1,3413
2020-07-10 02:00:00,201.0,200.0,200.0,62468
2020-07-13 02:00:00,203.0,198.1,200.0,40671
2020-07-14 02:00:00,201.0,200.0,200.0,7013
2020-07-15 02:00:00,202.9,200.0,201.05,21797
2020-07-16 02:00:00,201.05,201.05,201.05,5000
2020-07-20 02:00:00,200.0,197.0,200.0,60
2020-07-21 02:00:00,198.0,198.0,198.0,53892
2020-07-22 02:00:00,198.0,196.95,196.95,37906
2020-07-23 02:00:00,196.75,195.0,196.45,1219
2020-07-24 02:00:00,196.5,195.5,196.5,9404
2020-07-27 02:00:00,196.5,194.0,196.0,413
2020-07-28 02:00:00,195.9,193.5,193.5,2630
2020-07-29 02:00:00,196.0,193.5,193.5,9086
2020-08-03 02:00:00,194.5,191.15,192.05,7527
2020-08-04 02:00:00,194.0,192.0,193.3,10808
2020-08-05 02:00:00,198.5,193.3,198.5,6003
2020-08-06 02:00:00,199.0,194.0,198.0,23280
2020-08-07 02:00:00,201.5,196.55,200.0,3255
2020-08-10 02:00:00,202.0,196.1,201.9,1345
2020-08-11 02:00:00,201.6,196.1,197.05,26538
2020-08-12 02:00:00,200.0,199.0,199.0,101
2020-08-13 02:00:00,201.9,200.0,201.9,261
2020-08-17 02:00:00,200.0,197.0,200.0,69427
2020-08-18 02:00:00,201.9,196.5,200.15,449888
2020-08-19 02:00:00,202.0,200.0,200.5,7060
2020-08-24 02:00:00,197.5,196.45,197.45,1035
2020-08-25 02:00:00,197.0,194.5,197.0,393
2020-08-26 02:00:00,196.0,196.0,196.0,10
2020-08-27 02:00:00,196.0,195.05,195.05,3819
2020-08-28 02:00:00,196.0,195.05,195.05,1088
2020-08-31 02:00:00,198.0,195.8,198.0,2789
2020-09-01 02:00:00,198.0,197.0,197.0,20004
2020-09-02 02:00:00,198.5,197.9,198.5,3407
2020-09-03 02:00:00,198.05,197.0,197.0,3020
2020-09-04 02:00:00,198.0,195.5,195.5,3352
2020-09-07 02:00:00,197.5,194.0,196.0,209
2020-09-08 02:00:00,195.5,195.4,195.5,22637
2020-09-09 02:00:00,195.0,194.0,194.0,565
2020-09-10 02:00:00,195.45,195.0,195.0,6556
2020-09-11 02:00:00,196.0,193.0,195.45,17106
2020-09-14 02:00:00,195.45,192.0,192.0,5290
2020-09-15 02:00:00,196.0,192.0,192.0,430
2020-09-16 02:00:00,194.0,194.0,194.0,9
2020-09-17 02:00:00,193.0,191.0,191.0,5667
2020-09-18 02:00:00,191.1,191.1,191.1,399
2020-09-21 02:00:00,193.25,193.15,193.15,22
2020-09-22 02:00:00,192.9,191.5,192.9,91
2020-09-23 02:00:00,193.25,192.9,193.0,122175
2020-09-24 02:00:00,193.5,192.9,193.0,17253
2020-09-25 02:00:00,193.0,191.0,193.0,20302
2020-09-28 02:00:00,191.0,190.0,190.0,298
2020-09-29 02:00:00,193.35,190.1,193.35,8249
2020-10-01 02:00:00,193.35,193.2,193.35,3170
2020-10-02 02:00:00,196.0,193.55,196.0,1497
2020-10-05 02:00:00,197.7,194.5,195.1,72592
2020-10-06 02:00:00,200.0,197.0,200.0,14143
2020-10-07 02:00:00,200.0,196.0,198.0,27126
2020-10-08 02:00:00,196.0,196.0,196.0,232
2020-10-09 02:00:00,198.0,196.5,198.0,204
2020-10-12 02:00:00,200.0,193.6,199.7,75477
2020-10-13 02:00:00,198.8,198.8,198.8,12664
2020-10-14 02:00:00,199.7,197.0,199.3,20522
2020-10-15 02:00:00,201.85,199.15,199.35,109675
2020-10-16 02:00:00,201.3,198.2,198.5,7269
2020-10-19 02:00:00,200.35,196.5,196.5,233
2020-10-20 02:00:00,200.0,198.2,200.0,88516
2020-10-21 02:00:00,200.0,198.0,200.0,2133
2020-10-22 02:00:00,201.0,197.4,200.5,13669
2020-10-23 02:00:00,202.5,201.25,202.0,32021
2020-10-26 01:00:00,203.0,202.75,203.0,116
2020-10-27 01:00:00,203.0,200.2,201.25,198394
2020-10-28 01:00:00,202.8,202.8,202.8,1
2020-11-02 01:00:00,201.85,200.15,200.5,901
2020-11-03 01:00:00,202.9,200.35,202.9,31949
2020-11-04 01:00:00,202.05,201.1,201.1,6553
2020-11-05 01:00:00,202.8,202.0,202.0,302
2020-11-09 01:00:00,203.5,201.5,203.5,18706
2020-11-10 01:00:00,204.95,203.0,204.0,24757
2020-11-11 01:00:00,205.0,204.0,204.5,408
2020-11-12 01:00:00,204.9,204.5,204.5,1533
2020-11-13 01:00:00,204.95,204.05,204.95,10715
2020-11-16 01:00:00,205.0,204.95,205.0,140
2020-11-17 01:00:00,206.45,205.0,206.45,412
2020-11-19 01:00:00,207.45,206.5,207.1,15313
2020-11-20 01:00:00,210.0,207.9,210.0,82311
2020-11-23 01:00:00,210.95,208.1,208.1,83
2020-11-24 01:00:00,211.7,208.0,211.7,29862
2020-11-25 01:00:00,212.55,210.0,212.55,2875
2020-11-26 01:00:00,212.15,210.5,212.0,10092
2020-11-27 01:00:00,212.0,210.0,210.0,40228
2020-11-30 01:00:00,212.0,210.0,212.0,11210
2020-12-01 01:00:00,210.0,210.0,210.0,600
2020-12-02 01:00:00,210.0,208.2,208.5,6783
2020-12-03 01:00:00,211.0,208.0,211.0,533
2020-12-04 01:00:00,212.0,210.0,210.0,5533
2020-12-07 01:00:00,211.0,210.0,210.0,57
2020-12-08 01:00:00,211.0,210.0,210.1,5111
2020-12-09 01:00:00,210.65,210.1,210.65,2710
2020-12-10 01:00:00,212.0,211.0,211.1,14375
2020-12-11 01:00:00,217.9,212.0,217.0,26246
2020-12-14 01:00:00,216.95,213.0,216.95,7780
2020-12-15 01:00:00,223.9,215.0,223.9,37831
2020-12-16 01:00:00,222.85,217.15,222.85,156
2020-12-17 01:00:00,229.0,219.0,228.0,14261
2020-12-18 01:00:00,228.0,221.0,221.0,58442
2020-12-21 01:00:00,218.0,212.2,212.2,27399
2020-12-22 01:00:00,219.75,209.0,219.75,527148
2020-12-23 01:00:00,220.0,218.0,218.5,8303
2020-12-24 01:00:00,219.0,216.0,219.0,41507
2020-12-25 01:00:00,219.5,213.0,215.0,53906
2020-12-28 01:00:00,219.0,215.05,223.55,1345809
2020-12-29 01:00:00,217.0,214.0,214.0,1110
2020-12-30 01:00:00,216.95,216.6,216.6,758985
2020-12-31 01:00:00,214.0,210.1,210.1,3230
2021-01-04 01:00:00,214.0,210.2,214.0,8589
2021-01-05 01:00:00,217.0,213.0,214.0,763
2021-01-06 01:00:00,218.0,214.5,215.5,8430
2021-01-07 01:00:00,218.9,216.0,217.5,7610
2021-01-08 01:00:00,218.5,215.0,218.0,11592
2021-01-12 01:00:00,218.95,214.0,218.95,7398
2021-01-13 01:00:00,221.0,216.0,216.4,10041
2021-01-14 01:00:00,220.0,218.0,218.0,28624
2021-01-15 01:00:00,220.0,215.7,220.0,6854
2021-01-18 01:00:00,220.65,216.15,216.15,675
2021-01-19 01:00:00,222.5,216.2,222.5,9311
2021-01-20 01:00:00,227.4,222.0,225.0,9605
2021-01-21 01:00:00,226.0,223.0,225.0,16913
2021-01-22 01:00:00,225.0,224.0,225.0,46231
2021-01-25 01:00:00,228.8,222.05,228.5,8336
2021-01-26 01:00:00,229.9,226.5,226.5,14337
2021-01-27 01:00:00,227.0,226.0,227.0,7278
2021-01-28 01:00:00,227.0,226.0,226.0,475
2021-01-29 01:00:00,233.0,228.5,231.1,46784
2021-02-01 01:00:00,231.95,226.0,227.0,1370
2021-02-02 01:00:00,234.0,227.0,234.0,34209
2021-02-03 01:00:00,243.0,235.0,239.95,50229
2021-02-04 01:00:00,246.7,240.0,241.05,2827
2021-02-05 01:00:00,243.8,237.0,237.5,18771
2021-02-08 01:00:00,240.0,237.0,237.0,54760
2021-02-09 01:00:00,237.0,235.0,235.0,38240
2021-02-10 01:00:00,235.0,233.7,233.7,452
2021-02-11 01:00:00,235.0,232.0,235.0,5653
2021-02-12 01:00:00,235.0,231.0,231.5,13974
2021-02-15 01:00:00,235.8,235.8,235.8,1
2021-02-16 01:00:00,236.0,233.05,234.95,716
2021-02-17 01:00:00,231.5,231.0,231.4,5221
2021-02-18 01:00:00,234.5,233.0,233.0,4010
2021-02-19 01:00:00,232.95,231.35,232.95,575
2021-02-22 01:00:00,233.85,230.05,232.5,11588
2021-02-23 01:00:00,232.5,231.05,231.05,1505
2021-02-24 01:00:00,231.0,228.15,230.0,4093
2021-02-25 01:00:00,233.5,228.15,232.5,2526
2021-02-26 01:00:00,237.0,233.9,233.9,56914
2021-03-01 01:00:00,234.0,230.1,230.2,116
2021-03-02 01:00:00,234.9,231.0,234.9,10105
2021-03-03 01:00:00,231.0,230.5,230.5,195
2021-03-04 01:00:00,235.0,234.95,235.0,101
2021-03-05 01:00:00,239.5,235.0,239.0,2103
2021-03-08 01:00:00,243.0,239.0,241.0,1973
2021-03-09 01:00:00,239.05,239.0,239.0,664
2021-03-10 01:00:00,239.0,239.0,239.0,5
2021-03-11 01:00:00,240.0,239.0,240.0,3395
2021-03-12 01:00:00,242.8,240.0,242.0,34032
2021-03-15 01:00:00,248.25,242.0,246.0,12895
2021-03-16 01:00:00,245.95,244.2,245.95,6156
2021-03-17 01:00:00,254.0,246.0,252.4,51219
2021-03-18 01:00:00,247.95,242.35,242.35,192706
2021-03-19 01:00:00,240.0,237.0,240.0,85173
2021-03-22 01:00:00,242.9,241.9,242.0,3163
2021-03-23 01:00:00,241.55,238.55,238.55,52816
2021-03-24 01:00:00,241.0,237.55,241.0,20150
2021-03-25 01:00:00,243.0,240.0,242.85,11080
2021-03-26 01:00:00,242.9,240.15,242.9,5362
2021-03-29 02:00:00,240.6,240.5,240.6,78
2021-03-30 02:00:00,242.0,240.6,240.6,9711
2021-03-31 02:00:00,240.7,240.1,240.7,6574
2021-04-02 02:00:00,242.0,242.0,242.0,40
2021-04-05 02:00:00,240.35,240.0,240.05,1747
2021-04-06 02:00:00,242.0,240.0,240.05,705
2021-04-07 02:00:00,241.5,240.2,241.5,10006
2021-04-08 02:00:00,242.0,240.55,242.0,870
2021-04-09 02:00:00,243.1,241.5,243.1,27565
2021-04-12 02:00:00,246.0,242.55,245.0,15852
2021-04-13 02:00:00,247.0,243.6,244.05,535
2021-04-14 02:00:00,245.95,244.05,245.95,63
2021-04-15 02:00:00,246.95,244.1,246.95,1636
2021-04-16 02:00:00,246.95,245.0,245.0,1415
2021-04-19 02:00:00,245.0,244.15,245.0,4114
2021-04-20 02:00:00,245.05,245.0,245.05,21052
2021-04-21 02:00:00,245.6,245.2,245.2,1675
2021-04-22 02:00:00,249.65,245.2,249.0,64204
2021-04-23 02:00:00,256.9,250.0,255.0,16347
2021-04-26 02:00:00,258.0,252.5,252.5,3456
2021-04-27 02:00:00,254.0,252.5,253.5,11115
2021-04-28 02:00:00,255.0,251.85,253.5,81485
2021-04-29 02:00:00,253.0,251.85,253.0,477
2021-04-30 02:00:00,255.0,253.0,253.0,53627
2021-05-03 02:00:00,256.5,254.0,256.0,43987
2021-05-04 02:00:00,256.0,254.05,256.0,31071
2021-05-05 02:00:00,258.4,256.0,258.35,13930
2021-05-06 02:00:00,260.0,258.0,259.0,52874
2021-05-07 02:00:00,259.0,257.8,257.8,20327
2021-05-10 02:00:00,262.0,257.8,259.5,8083
2021-05-11 02:00:00,262.0,259.5,259.5,15305
2021-05-12 02:00:00,259.5,259.0,259.0,4101
2021-05-17 02:00:00,268.0,261.0,264.9,45821
2021-05-18 02:00:00,265.0,261.0,262.0,266287
2021-05-19 02:00:00,265.0,260.0,260.0,15452
2021-05-20 02:00:00,264.0,251.0,251.0,6454
2021-05-21 02:00:00,258.95,252.0,255.0,28271
2021-05-24 02:00:00,255.0,251.2,252.0,4014
2021-05-25 02:00:00,252.0,250.0,252.0,6663
2021-05-26 02:00:00,252.0,250.3,252.0,1556
2021-05-27 02:00:00,252.1,250.5,250.5,74426
2021-05-28 02:00:00,259.0,250.7,258.0,2450
2021-05-31 02:00:00,258.0,253.1,254.5,2484
2021-06-01 02:00:00,257.0,254.05,254.05,49085
2021-06-02 02:00:00,264.2,260.0,264.2,17681
2021-06-03 02:00:00,274.75,270.0,274.35,39338
2021-06-04 02:00:00,274.75,270.0,270.5,63217
2021-06-07 02:00:00,271.0,268.0,271.0,50077
2021-06-08 02:00:00,272.0,267.1,272.0,392
2021-06-09 02:00:00,270.5,264.1,269.85,3498
2021-06-10 02:00:00,278.0,269.0,273.0,135876
2021-06-11 02:00:00,283.9,277.5,283.0,279250
2021-06-14 02:00:00,293.9,287.0,293.0,15322
2021-06-15 02:00:00,293.2,285.2,287.9,23414
2021-06-16 02:00:00,292.8,287.1,287.1,303
2021-06-17 02:00:00,285.4,280.0,280.0,2436
2021-06-18 02:00:00,280.0,274.0,279.3,112381
2021-06-21 02:00:00,288.0,276.0,284.4,2966
2021-06-22 02:00:00,286.0,280.0,280.0,31468
2021-06-23 02:00:00,283.0,276.0,276.0,13635
2021-06-24 02:00:00,279.0,274.0,274.3,15027
2021-06-25 02:00:00,273.1,268.0,268.0,54223
2021-06-28 02:00:00,274.9,269.0,273.0,5089
2021-06-29 02:00:00,272.95,272.95,272.95,45
2021-06-30 02:00:00,272.9,270.5,272.85,59683
2021-07-01 02:00:00,272.9,271.5,272.0,4377
2021-07-02 02:00:00,272.0,271.0,271.0,21328
2021-07-05 02:00:00,272.0,269.2,272.0,16852
2021-07-06 02:00:00,272.0,268.0,268.0,590863
2021-07-07 02:00:00,269.0,260.55,264.95,593899
2021-07-08 02:00:00,266.0,264.2,264.3,23412
2021-07-09 02:00:00,264.0,261.0,261.0,53506
2021-07-12 02:00:00,262.0,260.0,261.0,24349
2021-07-13 02:00:00,261.95,260.95,261.95,4730
2021-07-14 02:00:00,261.95,260.0,260.0,13502
2021-07-15 02:00:00,262.0,260.0,260.2,15650
2021-07-16 02:00:00,262.0,261.0,261.1,16403
2021-07-19 02:00:00,265.0,261.5,261.75,11775
2021-07-20 02:00:00,262.0,261.05,262.0,3100
2021-07-23 02:00:00,267.9,263.9,267.9,6894
2021-07-26 02:00:00,268.0,267.9,268.0,927
2021-07-27 02:00:00,268.0,263.5,263.5,33606
2021-07-28 02:00:00,264.0,263.5,264.0,3710
2021-07-29 02:00:00,264.0,263.0,263.1,37490
2021-08-02 02:00:00,268.5,263.1,268.5,21698
2021-08-03 02:00:00,269.5,268.5,268.5,14727
2021-08-04 02:00:00,270.0,270.0,270.0,7654
2021-08-05 02:00:00,270.0,266.0,270.0,385
2021-08-06 02:00:00,270.0,269.0,270.0,30926
2021-08-09 02:00:00,272.5,270.0,272.5,17
2021-08-11 02:00:00,272.8,272.0,272.0,43187
2021-08-12 02:00:00,272.9,267.0,271.0,720
2021-08-13 02:00:00,274.0,269.1,274.0,8628
2021-08-16 02:00:00,273.8,268.0,273.8,95
2021-08-17 02:00:00,274.0,274.0,274.0,1392
2021-08-18 02:00:00,274.0,271.0,272.0,31709
2021-08-19 02:00:00,274.95,272.0,272.0,1716
2021-08-23 02:00:00,276.3,272.0,272.0,10917
2021-08-24 02:00:00,275.0,270.0,275.0,6
2021-08-25 02:00:00,276.85,272.0,272.5,16598
2021-08-26 02:00:00,274.95,273.0,273.0,15055
2021-08-27 02:00:00,277.0,272.0,277.0,19278
2021-08-30 02:00:00,275.0,273.0,275.0,402
2021-08-31 02:00:00,274.0,271.0,272.0,31763
2021-09-01 02:00:00,275.0,271.0,273.0,6311
2021-09-02 02:00:00,273.0,270.3,272.0,88
2021-09-03 02:00:00,273.0,271.0,273.0,1150
2021-09-06 02:00:00,272.0,271.0,272.0,1221
2021-09-07 02:00:00,272.0,271.15,272.0,1530
2021-09-08 02:00:00,272.0,271.15,272.0,236
2021-09-09 02:00:00,282.0,271.3,280.0,179221
2021-09-10 02:00:00,280.0,279.5,279.5,45042
2021-09-13 02:00:00,281.0,280.0,280.75,1075
2021-09-14 02:00:00,282.0,280.6,280.6,1065
2021-09-15 02:00:00,281.95,277.0,278.3,4627
2021-09-16 02:00:00,280.0,276.6,278.05,3752
2021-09-17 02:00:00,280.0,277.0,280.0,26869
2021-09-20 02:00:00,280.0,279.0,280.0,672
2021-09-21 02:00:00,278.1,278.0,278.1,300
2021-09-22 02:00:00,279.0,277.5,278.5,28049
2021-09-23 02:00:00,281.0,279.0,279.0,40877
2021-09-24 02:00:00,279.2,279.0,279.2,98157
2021-09-27 02:00:00,281.95,278.0,278.0,2391
2021-09-28 02:00:00,280.0,277.6,280.0,53175
2021-09-29 02:00:00,280.0,275.95,275.95,25712
2021-09-30 02:00:00,275.9,274.1,275.0,2477
2021-10-01 02:00:00,274.0,270.0,270.2,33002
2021-10-04 02:00:00,270.2,268.0,268.0,19843
2021-10-05 02:00:00,267.5,265.0,265.05,7174
2021-10-06 02:00:00,268.0,265.05,265.5,4491
2021-10-07 02:00:00,270.0,266.5,270.0,38246
2021-10-08 02:00:00,273.0,268.6,273.0,26501
2021-10-11 02:00:00,275.0,271.0,271.0,8168
2021-10-13 02:00:00,274.0,269.1,271.0,10659
2021-10-14 02:00:00,275.0,272.5,275.0,37582
2021-10-15 02:00:00,274.5,271.75,274.35,70266
2021-10-18 02:00:00,271.8,271.55,271.8,1398
2021-10-21 02:00:00,275.0,271.0,274.0,9017
2021-10-22 02:00:00,274.95,269.5,271.0,132861
2021-10-25 02:00:00,271.5,270.5,270.5,52205
2021-10-26 02:00:00,273.9,267.9,273.9,62047
2021-10-27 02:00:00,272.0,270.0,270.2,41738
2021-10-28 02:00:00,271.9,271.0,271.75,4883
2021-10-29 02:00:00,271.9,270.5,271.05,23709
2021-11-01 01:00:00,273.0,268.1,268.1,9139
2021-11-02 01:00:00,273.0,273.0,273.0,50
2021-11-03 01:00:00,272.9,270.0,270.5,7255
2021-11-04 01:00:00,270.2,269.0,270.0,4754
2021-11-05 01:00:00,271.0,267.0,267.0,46312
2021-11-08 01:00:00,270.35,267.0,270.0,504
2021-11-09 01:00:00,270.4,267.0,267.0,246
2021-11-10 01:00:00,267.1,265.0,265.0,31199
2021-11-11 01:00:00,265.0,262.95,264.95,37327
2021-11-12 01:00:00,264.0,261.0,263.0,30234
2021-11-15 01:00:00,265.0,264.0,265.0,1415
2021-11-16 01:00:00,269.0,262.0,262.1,460
2021-11-17 01:00:00,264.0,261.6,262.5,5539
2021-11-19 01:00:00,263.0,262.0,262.5,55099
2021-11-22 01:00:00,262.0,261.35,261.35,1265
2021-11-23 01:00:00,261.4,260.5,260.75,146015
2021-11-24 01:00:00,265.0,261.15,265.0,7092
2021-11-25 01:00:00,270.0,265.0,265.0,6602
2021-11-26 01:00:00,265.0,263.0,263.0,19620
2021-11-29 01:00:00,264.0,260.0,260.1,20738
2021-11-30 01:00:00,263.05,260.0,263.05,60971
2021-12-01 01:00:00,263.5,263.5,263.5,21265
2021-12-02 01:00:00,264.0,261.25,264.0,1333
2021-12-03 01:00:00,264.0,262.0,262.0,7690
2021-12-06 01:00:00,268.0,261.0,261.0,2269
2021-12-07 01:00:00,265.0,260.25,265.0,53513
2021-12-09 01:00:00,265.0,262.0,265.0,18380
2021-12-10 01:00:00,267.9,265.0,265.0,76703
2021-12-13 01:00:00,268.0,265.0,266.0,40675
2021-12-14 01:00:00,267.95,263.0,267.95,83240
2021-12-15 01:00:00,266.0,262.95,262.95,42553
2021-12-16 01:00:00,263.0,260.0,260.0,191024
2021-12-17 01:00:00,266.0,260.0,266.0,10260
2021-12-20 01:00:00,264.95,260.05,264.95,281
2021-12-21 01:00:00,265.0,260.3,265.0,552
2021-12-22 01:00:00,265.0,265.0,265.0,7
2021-12-23 01:00:00,264.75,261.0,264.75,11
2021-12-24 01:00:00,265.0,261.55,265.0,1194016
2021-12-27 01:00:00,265.0,263.0,264.0,2669
2021-12-28 01:00:00,263.9,262.0,263.9,302
2021-12-29 01:00:00,266.0,262.05,266.0,184333
2021-12-30 01:00:00,266.5,265.0,266.0,14718
2021-12-31 01:00:00,266.9,261.0,261.0,53048
2022-01-03 01:00:00,264.0,260.3,260.3,2477
2022-01-04 01:00:00,260.5,260.5,260.5,500
2022-01-05 01:00:00,267.0,263.9,265.0,3084
2022-01-06 01:00:00,265.95,265.0,265.95,1125
2022-01-07 01:00:00,269.8,265.95,269.0,79987
2022-01-10 01:00:00,269.5,265.1,269.0,11633
2022-01-12 01:00:00,270.0,269.0,270.0,24948
2022-01-13 01:00:00,271.0,267.05,270.95,2864
2022-01-14 01:00:00,273.0,270.0,272.9,51198
2022-01-17 01:00:00,273.8,272.8,272.8,15579
2022-01-18 01:00:00,273.8,268.0,269.05,41693
2022-01-19 01:00:00,270.95,269.5,269.6,13693
2022-01-20 01:00:00,273.0,270.0,270.0,62681
2022-01-21 01:00:00,271.95,270.0,270.0,161085
2022-01-24 01:00:00,269.05,269.0,269.0,4024
2022-01-25 01:00:00,268.0,267.15,267.5,9844
2022-01-26 01:00:00,270.8,270.8,270.8,1
2022-01-27 01:00:00,270.0,270.0,270.0,1026
2022-01-28 01:00:00,271.0,269.05,271.0,54462
2022-01-31 01:00:00,273.0,271.0,273.0,7997
2022-02-01 01:00:00,273.7,271.5,273.7,6671
2022-02-02 01:00:00,273.0,270.5,273.0,21328
2022-02-04 01:00:00,273.0,270.55,272.9,21009
2022-02-07 01:00:00,272.9,272.0,272.9,2691
2022-02-08 01:00:00,273.1,272.0,272.05,7967
2022-02-09 01:00:00,272.5,271.1,271.1,27459
2022-02-10 01:00:00,272.0,271.5,271.95,10855
2022-02-11 01:00:00,272.5,271.15,271.45,8502
2022-02-14 01:00:00,272.0,270.0,270.0,21716
2022-02-15 01:00:00,271.0,269.0,269.0,20354
2022-02-16 01:00:00,271.45,268.0,271.45,21
2022-02-17 01:00:00,270.0,269.0,269.0,3509
2022-02-18 01:00:00,269.0,264.0,264.0,11645
2022-02-21 01:00:00,264.1,262.5,262.5,3999
2022-02-22 01:00:00,261.1,253.0,253.05,54080
2022-02-23 01:00:00,263.95,256.0,256.0,1403
2022-02-24 01:00:00,252.5,241.0,245.0,62892
2022-02-25 01:00:00,250.0,230.35,246.0,24802
2022-02-28 01:00:00,254.0,241.0,241.0,15693
2022-03-01 01:00:00,247.95,241.1,241.5,1301
2022-03-02 01:00:00,241.5,231.0,239.0,3835
2022-03-03 01:00:00,238.0,235.0,235.0,15403
2022-03-04 01:00:00,237.9,232.7,236.0,29461
2022-03-07 01:00:00,233.0,221.85,223.0,7526
2022-03-08 01:00:00,236.35,223.05,236.35,43045
2022-03-09 01:00:00,250.5,245.0,247.0,13757
2022-03-10 01:00:00,250.5,235.0,235.0,13004
2022-03-11 01:00:00,249.0,235.1,237.1,42942
2022-03-14 01:00:00,241.9,235.1,241.9,933
2022-03-15 01:00:00,243.0,236.0,240.0,7307
2022-03-16 01:00:00,242.0,238.0,242.0,37
2022-03-17 01:00:00,243.0,237.0,243.0,25894
2022-03-18 01:00:00,244.95,240.0,243.8,27100
2022-03-21 01:00:00,240.5,237.6,237.6,5675
2022-03-22 01:00:00,241.0,238.05,240.0,18534
2022-03-23 01:00:00,239.0,232.05,232.05,1048
2022-03-24 01:00:00,235.1,233.0,233.0,7659
2022-03-25 01:00:00,238.95,232.05,236.0,1650
2022-03-28 02:00:00,236.0,234.05,234.15,1032
2022-03-29 02:00:00,240.0,238.5,240.0,29015
2022-03-30 02:00:00,243.0,241.0,242.0,15186
2022-03-31 02:00:00,243.0,241.0,243.0,167
2022-04-01 02:00:00,243.0,240.0,243.0,43795
2022-04-04 02:00:00,245.85,235.0,235.0,1785
2022-04-06 02:00:00,236.55,235.0,235.0,450
2022-04-07 02:00:00,246.0,235.0,236.65,540506
2022-04-08 02:00:00,240.0,236.7,240.0,84453
2022-04-11 02:00:00,240.0,240.0,240.0,64534
2022-04-12 02:00:00,243.0,240.25,240.25,305
2022-04-13 02:00:00,244.0,240.0,240.0,301590
2022-04-14 02:00:00,240.0,239.1,240.0,10271
2022-04-15 02:00:00,242.7,240.0,240.0,8631
2022-04-19 02:00:00,244.0,240.0,244.0,1371
2022-04-20 02:00:00,244.0,240.2,240.5,52988
2022-04-21 02:00:00,241.0,240.25,240.25,7335
2022-04-22 02:00:00,245.4,240.2,245.4,8639
2022-04-25 02:00:00,248.0,246.0,247.45,1235
2022-04-26 02:00:00,248.5,245.0,248.5,23451
2022-04-27 02:00:00,248.5,246.0,247.0,88
2022-04-28 02:00:00,249.0,247.0,249.0,1063
2022-04-29 02:00:00,254.0,249.5,250.0,30494
2022-05-04 02:00:00,250.1,250.0,250.0,2434
2022-05-05 02:00:00,250.0,249.8,249.8,5914
2022-05-06 02:00:00,249.75,249.2,249.5,2050
2022-05-09 02:00:00,249.2,248.0,248.85,300
2022-05-10 02:00:00,247.0,233.95,233.95,8400
2022-05-11 02:00:00,240.0,233.0,235.2,1525
2022-05-12 02:00:00,235.0,232.1,235.0,14892
2022-05-13 02:00:00,243.0,234.0,243.0,5443
2022-05-16 02:00:00,237.0,235.0,235.0,1726
2022-05-18 02:00:00,237.0,234.1,235.0,24332
2022-05-19 02:00:00,235.0,234.0,234.0,2818
2022-05-20 02:00:00,237.35,233.1,237.35,106
2022-05-23 02:00:00,235.0,230.15,230.15,1778
2022-05-24 02:00:00,237.0,229.0,229.0,27364
2022-05-25 02:00:00,230.25,225.0,225.0,2500
2022-05-26 02:00:00,229.0,225.0,225.0,2519
2022-05-27 02:00:00,225.0,224.9,224.9,8817
2022-05-30 02:00:00,225.0,223.0,223.0,312
2022-05-31 02:00:00,227.0,223.9,227.0,18534
2022-06-01 02:00:00,230.0,228.0,230.0,7622
2022-06-02 02:00:00,234.95,229.5,230.0,244342
2022-06-03 02:00:00,233.05,230.0,233.05,105392
2022-06-06 02:00:00,239.0,234.0,235.0,27065
2022-06-07 02:00:00,238.9,238.0,238.7,46807
2022-06-08 02:00:00,235.0,230.0,235.0,1242
2022-06-09 02:00:00,237.5,231.6,231.6,2294
2022-06-10 02:00:00,232.5,228.9,230.0,5451
2022-06-13 02:00:00,230.0,225.0,228.0,2065
2022-06-14 02:00:00,225.1,214.35,214.35,5412
2022-06-15 02:00:00,223.0,215.0,223.0,5520
2022-06-16 02:00:00,218.0,215.1,215.1,29685
2022-06-17 02:00:00,220.8,215.0,215.0,43515
2022-06-20 02:00:00,222.0,215.2,222.0,76
2022-06-21 02:00:00,222.0,221.0,221.85,38946
2022-06-22 02:00:00,217.0,213.0,213.0,112472
2022-06-23 02:00:00,213.0,204.0,205.0,27871
2022-06-24 02:00:00,212.5,210.95,212.5,100
2022-06-27 02:00:00,212.5,210.0,210.0,109075
2022-06-28 02:00:00,215.0,210.0,215.0,1497
2022-06-29 02:00:00,217.0,212.0,215.0,3984
2022-06-30 02:00:00,221.0,220.0,220.0,1745
2022-07-01 02:00:00,221.5,206.85,206.85,3930
2022-07-04 02:00:00,205.25,205.0,205.0,46170
2022-07-05 02:00:00,205.0,204.1,204.1,940
2022-07-06 02:00:00,207.5,205.0,205.0,433
2022-07-07 02:00:00,215.9,214.85,214.9,325
2022-07-08 02:00:00,215.0,215.0,215.0,4
2022-07-12 02:00:00,215.0,215.0,215.0,1377
2022-07-13 02:00:00,222.0,216.0,216.0,365
2022-07-14 02:00:00,219.55,216.0,217.0,22287
2022-07-15 02:00:00,220.0,215.0,220.0,14220
2022-07-18 02:00:00,221.0,220.0,220.0,2982
2022-07-19 02:00:00,222.0,220.0,220.05,2271
2022-07-20 02:00:00,226.7,218.0,218.0,1426
2022-07-21 02:00:00,224.0,218.05,219.0,22546
2022-07-22 02:00:00,222.9,217.0,217.0,770
2022-07-25 02:00:00,218.1,215.0,215.0,6660
2022-07-26 02:00:00,214.0,209.0,209.0,22815
2022-07-27 02:00:00,215.0,210.0,210.0,2256
2022-07-28 02:00:00,215.0,214.9,215.0,80
2022-07-29 02:00:00,214.85,211.1,214.85,1449
2022-08-01 02:00:00,214.85,210.0,214.85,562
2022-08-02 02:00:00,212.5,210.05,212.5,805
2022-08-03 02:00:00,214.8,210.0,210.0,290
2022-08-04 02:00:00,212.0,210.0,212.0,1090
2022-08-05 02:00:00,220.0,210.0,220.0,4351
2022-08-08 02:00:00,212.3,210.3,212.3,42
2022-08-09 02:00:00,214.9,212.3,214.0,1545
2022-08-10 02:00:00,217.0,217.0,217.0,32
2022-08-11 02:00:00,221.5,220.0,220.0,2091
2022-08-12 02:00:00,220.25,220.0,220.25,669
2022-08-15 02:00:00,220.0,217.0,220.0,1012
2022-08-16 02:00:00,220.0,220.0,220.0,300
2022-08-17 02:00:00,223.0,217.05,220.0,856
2022-08-18 02:00:00,225.0,222.0,225.0,1295
2022-08-19 02:00:00,228.5,220.2,225.0,37106
2022-08-22 02:00:00,226.0,225.0,226.0,47
2022-08-23 02:00:00,225.0,224.0,224.0,17115
2022-08-24 02:00:00,224.0,222.0,223.5,6210
2022-08-25 02:00:00,225.0,225.0,225.0,24
2022-08-26 02:00:00,225.0,222.65,222.65,4501
2022-08-29 02:00:00,222.6,222.0,222.0,5167
2022-08-30 02:00:00,224.9,224.0,224.0,315
2022-08-31 02:00:00,222.0,220.0,220.0,3012
2022-09-01 02:00:00,220.0,220.0,220.0,3
2022-09-02 02:00:00,224.5,220.0,224.5,9317
2022-09-05 02:00:00,222.0,222.0,222.0,16
2022-09-06 02:00:00,224.7,222.0,222.0,45
2022-09-07 02:00:00,224.75,224.65,224.75,15
2022-09-08 02:00:00,224.85,222.5,223.0,3446
2022-09-09 02:00:00,222.5,220.0,220.0,6955
2022-09-12 02:00:00,222.0,219.0,222.0,55
2022-09-13 02:00:00,225.0,221.6,221.6,1503
2022-09-14 02:00:00,220.25,220.0,220.0,12578
2022-09-15 02:00:00,224.4,220.05,220.05,48
2022-09-16 02:00:00,225.0,220.05,225.0,5056
2022-09-19 02:00:00,223.5,222.0,222.0,11000
2022-09-20 02:00:00,225.5,218.0,222.0,5532
2022-09-21 02:00:00,223.0,219.05,222.0,4015
2022-09-22 02:00:00,223.0,216.0,217.95,911
2022-09-23 02:00:00,222.0,217.9,220.0,10765
2022-09-26 02:00:00,220.0,215.0,215.0,50227
2022-09-27 02:00:00,214.75,212.1,213.95,5374
2022-09-28 02:00:00,214.5,206.0,209.9,31057
2022-09-29 02:00:00,209.8,204.0,205.0,253685
2022-09-30 02:00:00,209.9,205.0,209.0,90048
2022-10-03 02:00:00,205.05,205.0,205.0,32030
2022-10-04 02:00:00,205.1,201.0,205.0,51959
2022-10-05 02:00:00,203.9,201.0,201.0,77283
2022-10-06 02:00:00,204.9,200.0,204.9,373699
2022-10-07 02:00:00,202.0,200.0,202.0,16014
2022-10-11 02:00:00,207.0,206.9,206.9,20
2022-10-12 02:00:00,206.7,201.5,206.7,3999
2022-10-13 02:00:00,206.5,204.95,204.95,291003
2022-10-14 02:00:00,206.0,204.0,204.05,233830
2022-10-17 02:00:00,205.0,201.0,201.0,89077
2022-10-18 02:00:00,203.65,199.1,203.65,13
2022-10-19 02:00:00,200.0,199.0,199.0,21
2022-10-20 02:00:00,199.0,197.5,199.0,1166
2022-10-21 02:00:00,197.5,191.05,191.05,36579
2022-10-24 02:00:00,191.0,186.75,186.75,2142
2022-10-25 02:00:00,189.0,185.0,186.0,3341
2022-10-26 02:00:00,189.0,185.0,185.0,5479
2022-10-27 02:00:00,186.0,185.15,185.2,7800
2022-10-28 02:00:00,188.0,183.0,186.0,3011
2022-10-31 01:00:00,187.0,181.0,186.0,133878
2022-11-01 01:00:00,196.0,190.15,195.95,312
2022-11-02 01:00:00,188.95,188.95,188.95,13725
2022-11-03 01:00:00,190.0,187.0,187.0,39760
2022-11-04 01:00:00,187.0,186.0,186.0,1953
2022-11-07 01:00:00,196.0,185.0,185.0,1266
2022-11-08 01:00:00,185.0,184.8,184.8,14351
2022-11-09 01:00:00,189.0,183.0,183.0,11177
2022-11-10 01:00:00,184.0,181.45,181.45,5146
2022-11-11 01:00:00,182.0,176.0,177.5,198722
2022-11-14 01:00:00,181.0,181.0,181.0,70
2022-11-15 01:00:00,184.0,178.0,180.95,2758
2022-11-16 01:00:00,181.0,175.2,175.35,6246
2022-11-17 01:00:00,183.5,179.95,179.95,4244
2022-11-21 01:00:00,180.8,179.9,179.9,2186
2022-11-22 01:00:00,184.0,180.0,180.0,872
2022-11-23 01:00:00,180.0,180.0,180.0,1311
2022-11-24 01:00:00,183.95,176.0,176.0,1331
2022-11-25 01:00:00,185.0,180.0,185.0,150000
2022-11-28 01:00:00,186.5,181.0,181.0,4687
2022-11-29 01:00:00,191.85,181.0,191.85,290717
2022-11-30 01:00:00,200.0,185.1,200.0,9874
2022-12-01 01:00:00,210.0,190.5,210.0,4501
2022-12-02 01:00:00,220.0,204.9,204.9,11471
2022-12-05 01:00:00,217.15,206.0,217.15,3329
2022-12-06 01:00:00,225.0,215.0,215.0,8412
2022-12-07 01:00:00,218.8,212.1,217.0,40148
2022-12-08 01:00:00,223.0,216.95,223.0,3699
2022-12-09 01:00:00,223.0,222.0,223.0,3157
2022-12-12 01:00:00,222.95,219.0,220.0,11161
2022-12-13 01:00:00,229.9,220.0,229.9,14622
2022-12-14 01:00:00,232.0,228.95,228.95,4419
2022-12-15 01:00:00,230.0,226.0,227.0,2837
2022-12-16 01:00:00,225.0,216.5,216.5,2829
2022-12-19 01:00:00,222.95,220.0,220.0,60
2022-12-20 01:00:00,218.0,215.0,215.0,3
2022-12-21 01:00:00,217.95,210.0,214.95,1210
2022-12-22 01:00:00,220.0,214.0,214.0,120225
2022-12-23 01:00:00,219.0,210.0,210.0,50579
2022-12-27 01:00:00,215.0,208.5,210.0,1214499
2022-12-28 01:00:00,213.0,200.0,200.0,11368
2022-12-29 01:00:00,205.0,190.0,190.0,15528
2022-12-30 01:00:00,200.0,190.0,190.0,20632
2023-01-02 01:00:00,200.0,185.0,185.0,2089
2023-01-03 01:00:00,189.95,183.0,184.95,43049
2023-01-04 01:00:00,190.0,180.05,184.85,14261
2023-01-05 01:00:00,182.0,173.8,173.8,15766
2023-01-06 01:00:00,176.5,163.4,163.4,115857
2023-01-09 01:00:00,168.5,164.0,164.5,359
2023-01-10 01:00:00,174.35,164.0,174.35,32951
2023-01-12 01:00:00,180.0,168.55,175.0,12099
2023-01-13 01:00:00,181.5,177.0,179.0,28934
2023-01-16 01:00:00,183.8,170.0,170.0,16118
2023-01-17 01:00:00,177.0,171.7,171.7,740
2023-01-18 01:00:00,174.95,170.05,172.0,6176
2023-01-19 01:00:00,174.9,170.0,170.0,10889
2023-01-20 01:00:00,170.0,169.0,170.0,7123
2023-01-23 01:00:00,174.8,170.0,173.95,3155
2023-01-24 01:00:00,171.2,169.1,169.1,54
2023-01-25 01:00:00,175.0,171.0,174.5,1484
2023-01-26 01:00:00,182.0,170.0,170.0,4769
2023-01-27 01:00:00,175.0,170.0,170.0,980
2023-01-30 01:00:00,170.0,170.0,170.0,2
2023-01-31 01:00:00,178.0,170.0,178.0,6760
2023-02-01 01:00:00,177.75,172.0,172.0,3254
2023-02-02 01:00:00,179.95,173.0,179.95,12059
2023-02-03 01:00:00,179.95,176.1,179.95,2571
2023-02-06 01:00:00,180.0,176.0,176.0,570
2023-02-07 01:00:00,183.9,180.0,180.0,11
2023-02-08 01:00:00,185.0,180.0,185.0,4003
2023-02-09 01:00:00,189.0,184.95,184.95,1290
2023-02-10 01:00:00,193.0,184.95,190.05,8610
2023-02-13 01:00:00,192.0,186.25,186.25,38
2023-02-14 01:00:00,186.85,180.0,180.0,13694
2023-02-15 01:00:00,180.0,180.0,180.0,22
2023-02-16 01:00:00,184.9,176.0,176.0,21883
2023-02-17 01:00:00,183.0,177.0,180.0,17886
2023-02-20 01:00:00,184.85,178.0,178.0,6902
2023-02-21 01:00:00,179.0,177.15,177.75,879
2023-02-22 01:00:00,182.45,171.5,171.5,2880
2023-02-23 01:00:00,179.9,174.0,175.1,2499
2023-02-24 01:00:00,179.0,175.0,178.95,344
2023-02-27 01:00:00,179.0,178.0,178.0,224
2023-02-28 01:00:00,182.4,179.05,180.0,1811
2023-03-01 01:00:00,184.0,180.0,180.0,336
2023-03-02 01:00:00,182.0,180.0,181.95,493
2023-03-03 01:00:00,180.0,175.1,175.1,1545
2023-03-06 01:00:00,180.0,178.0,179.0,51
2023-03-07 01:00:00,178.0,175.15,178.0,101
2023-03-08 01:00:00,178.0,175.05,175.05,248
2023-03-09 01:00:00,177.9,175.0,177.0,557
2023-03-10 01:00:00,177.0,176.0,176.0,53
2023-03-13 01:00:00,175.0,174.95,175.0,435
2023-03-14 01:00:00,175.9,170.2,175.9,20398
2023-03-15 01:00:00,175.0,166.0,170.0,2153
2023-03-16 01:00:00,175.0,171.55,171.55,5303
2023-03-17 01:00:00,175.0,170.0,170.0,12239
2023-03-20 01:00:00,175.0,175.0,175.0,5
2023-03-21 01:00:00,174.5,170.15,170.15,220
2023-03-22 01:00:00,174.9,170.35,174.9,6534
2023-03-23 01:00:00,176.0,174.8,175.0,330
2023-03-24 01:00:00,175.95,172.6,174.05,5325
2023-03-27 02:00:00,176.0,175.0,176.0,3544
2023-03-28 02:00:00,175.9,172.05,175.0,1082
2023-03-29 02:00:00,175.9,173.0,175.0,6049
2023-03-30 02:00:00,180.0,175.0,175.0,3912
2023-03-31 02:00:00,175.05,172.0,172.0,174845
2023-04-03 02:00:00,177.95,177.95,177.95,2
2023-04-05 02:00:00,178.0,175.0,177.9,1554
2023-04-06 02:00:00,177.7,173.1,177.55,212
2023-04-07 02:00:00,177.9,174.0,174.0,5455
2023-04-10 02:00:00,173.65,173.6,173.6,288
2023-04-11 02:00:00,177.75,174.0,176.9,4429
2023-04-12 02:00:00,178.0,175.0,178.0,36926
2023-04-13 02:00:00,180.5,177.9,180.5,26386
2023-04-14 02:00:00,183.9,182.0,183.0,1907
2023-04-17 02:00:00,183.85,180.0,182.0,20046
2023-04-18 02:00:00,183.75,180.0,180.0,10093
2023-04-19 02:00:00,181.95,176.0,180.5,5425
2023-04-20 02:00:00,180.5,180.4,180.5,40480
2023-04-21 02:00:00,182.0,182.0,182.0,10
2023-04-25 02:00:00,183.0,180.5,183.0,4477
2023-04-26 02:00:00,183.0,178.0,178.0,32935
2023-04-27 02:00:00,181.8,180.5,180.5,90
2023-04-28 02:00:00,180.0,175.55,175.55,525
2023-05-02 02:00:00,180.5,176.5,177.2,6242
2023-05-03 02:00:00,180.0,175.1,180.0,43287
2023-05-04 02:00:00,180.5,177.0,177.0,16800
2023-05-05 02:00:00,180.0,180.0,180.0,10407
2023-05-08 02:00:00,182.9,180.95,181.0,1747
2023-05-09 02:00:00,182.5,178.05,180.0,11569
2023-05-10 02:00:00,182.95,180.0,182.95,817
2023-05-11 02:00:00,183.0,180.05,183.0,267
2023-05-12 02:00:00,185.05,180.5,185.05,65651
2023-05-15 02:00:00,188.0,187.0,187.9,1747
2023-05-16 02:00:00,196.0,184.05,194.2,19661
2023-05-17 02:00:00,194.0,191.1,191.1,272
2023-05-18 02:00:00,193.75,190.5,191.1,5028
2023-05-19 02:00:00,192.2,192.0,192.2,80
2023-05-23 02:00:00,192.1,189.5,189.8,11361
2023-05-24 02:00:00,191.85,189.5,190.0,86776
2023-05-25 02:00:00,190.0,188.0,188.6,49763
2023-05-26 02:00:00,191.95,188.0,191.95,34464
2023-05-29 02:00:00,191.95,188.25,191.9,200
2023-05-30 02:00:00,191.5,188.0,188.0,24354
2023-05-31 02:00:00,188.0,182.15,182.15,176412
2023-06-01 02:00:00,187.0,182.15,183.05,13357
